模型,DirectRequest,HumanJailbreaks,AutoDAN,PAP,GCG,AutoPrompt,PEZ,GBDA,UAT,average
llama3_2_1b_instruct,0.157,0.063,0.043,0.314,0.043,0.1,0.057,0.089,0.086,0.10577777777777778
llama3_2_3b_instruct,0.229,0.126,0.086,0.366,0.186,0.157,0.191,0.194,0.229,0.196
DeepSeek-R1-Distill-Qwen-1.5B,0.229,0.217,0.243,0.174,0.286,0.286,0.197,0.197,0.214,0.227
DeepSeek-R1-Distill-Qwen-7B,0.3,0.217,0.343,0.257,0.314,0.371,0.243,0.286,0.286,0.2907777777777778
qwen_1_8b_chat,0.043,0.149,0.186,0.354,0.114,0.129,0.123,0.223,0.057,0.1531111111111111
qwen_7b_chat,0.029,0.231,0.5,0.103,0.314,0.057,0.029,0.049,0.043,0.15055555555555555
qwen1_5_0_5b_chat,0.114,0.171,0.129,0.337,0.5,0.443,0.386,0.417,0.386,0.32033333333333336
qwen1_5_1_8b_chat,0.486,0.469,0.743,0.5,0.686,0.6,0.566,0.583,0.543,0.5751111111111111
qwen1_5_4b_chat,0.057,0.22,0.643,0.269,0.3,0.157,0.077,0.137,0.1,0.2177777777777778
qwen1_5_7b_chat,0.086,0.463,0.786,0.314,0.157,0.129,0.106,0.137,0.071,0.2498888888888889
qwen2_0_5b_instruct,0.143,0.14,0.429,0.271,0.471,0.4,0.223,0.323,0.243,0.29366666666666663
qwen2_1_5b_instruct,0.057,0.106,0.657,0.203,0.171,0.071,0.043,0.109,0.071,0.16533333333333336
qwen2_7b_instruct,0.186,0.203,0.643,0.366,0.214,0.186,0.169,0.2,0.214,0.26455555555555554
qwen2_5_0_5b_instruct,0.171,0.094,0.614,0.311,0.457,0.4,0.157,0.36,0.371,0.32611111111111113
qwen2_5_1_5b_instruct,0.057,0.083,0.671,0.157,0.257,0.043,0.023,0.074,0.057,0.15800000000000003
qwen2_5_3b_instruct,0.143,0.22,0.514,0.351,0.2,0.157,0.091,0.131,0.114,0.21344444444444444
qwen2_5_7b_instruct,0.229,0.234,0.614,0.386,0.271,0.229,0.154,0.169,0.243,0.28099999999999997
gemma-2b-it,0.114,0.006,0.129,0.286,0.286,0.157,0.091,0.103,0.171,0.14922222222222226
gemma-7b-it,0.3,0.16,0.314,0.386,0.243,0.243,0.22,0.271,0.271,0.26755555555555555
gemma-1.1-2b-it,0.114,0.04,0.2,0.266,0.086,0.043,0.097,0.063,0.086,0.11055555555555556
gemma-1.1-7b-it,0.186,0.163,0.471,0.314,0.186,0.1,0.109,0.14,0.086,0.195
gemma-2-2b-it,0.1,0.269,0.714,0.271,0.3,0.143,0.12,0.129,0.214,0.2511111111111111
phi_3_mini_4k_instruct,0.086,0.1,0.143,0.203,0.071,0.071,0.111,0.091,0.071,0.10522222222222222
phi_3_mini_128k_instruct,0.143,0.14,0.057,0.217,0.143,0.114,0.106,0.117,0.057,0.12155555555555554
phi_3_5_mini_instruct,0.157,0.154,0.1,0.3,0.243,0.171,0.177,0.214,0.171,0.18744444444444444
minicpm-1B-sft-bf16,0.157,0.269,0.643,0.34,0.143,0.143,0.197,0.151,0.171,0.246
minicpm-S-1B-sft,0.214,0.311,0.529,0.297,0.214,0.214,0.186,0.166,0.129,0.2511111111111111
minicpm-2B-sft-bf16,0.114,0.263,0.643,0.331,0.143,0.114,0.169,0.157,0.114,0.22755555555555557
minicpm-2B-dpo-bf16,0.471,0.486,0.814,0.463,0.414,0.443,0.506,0.503,0.457,0.5063333333333333
minicpm3-4B,0.129,0.271,0.629,0.211,0.086,0.143,0.114,0.106,0.071,0.19555555555555557
h2o-danube-1.8b-sft,0.529,0.303,0.429,0.369,0.571,0.571,0.529,0.511,0.5,0.47911111111111115
h2o-danube-1.8b-chat,0.643,0.463,0.714,0.466,0.671,0.643,0.589,0.6,0.671,0.6066666666666667
h2o-danube2-1.8b-sft,0.257,0.257,0.614,0.323,0.629,0.414,0.26,0.306,0.229,0.36544444444444446
h2o-danube2-1.8b-chat,0.5,0.537,0.543,0.429,0.686,0.614,0.529,0.517,0.686,0.5601111111111111
h2o-danube3-500m-chat,0.543,0.277,0.157,0.446,0.686,0.6,0.611,0.609,0.514,0.4936666666666667
h2o-danube3-4b-chat,0.371,0.26,0.7,0.466,0.6,0.486,0.271,0.366,0.314,0.42599999999999993
smollm-135M-instruct,0.486,0.374,0.029,0.269,0.457,0.357,0.483,0.434,0.4,0.36544444444444446
smollm-360M-instruct,0.657,0.537,0.043,0.386,0.529,0.443,0.503,0.36,0.343,0.42233333333333334
smollm-1.7B-instruct,0.7,0.586,0.2,0.483,0.614,0.614,0.546,0.571,0.671,0.5538888888888889
smollm2-135M-instruct,0.286,0.206,0.0,0.226,0.329,0.4,0.277,0.326,0.314,0.26266666666666666
smollm2-360M-instruct,0.486,0.331,0.186,0.266,0.557,0.543,0.471,0.566,0.614,0.4466666666666666
smollm2-1.7B-instruct,0.429,0.423,0.586,0.371,0.714,0.6,0.32,0.506,0.457,0.4895555555555555
stablelm-2-zephyr-1_6b,0.571,0.403,0.543,0.477,0.586,0.614,0.543,0.54,0.6,0.5418888888888889
stablelm-2-1_6b-chat,0.729,0.497,0.714,0.5,0.7,0.714,0.697,0.691,0.729,0.6634444444444444
stablelm-zephyr-3b,0.171,0.443,0.714,0.323,0.171,0.257,0.171,0.209,0.157,0.29066666666666663
tinyllama-1.1B-chat-v0.1,0.6,0.209,0.2,0.369,0.514,0.557,0.543,0.549,0.486,0.4474444444444445
tinyllama-1.1B-chat-v0.2,0.314,0.103,0.043,0.191,0.143,0.157,0.14,0.106,0.129,0.14733333333333334
tinyllama-1.1B-chat-v0.3,0.571,0.186,0.029,0.357,0.4,0.386,0.457,0.426,0.443,0.36166666666666664
tinyllama-1.1B-chat-v0.4,0.614,0.34,0.043,0.343,0.514,0.5,0.52,0.514,0.486,0.4304444444444444
tinyllama-1.1B-chat-v0.5,0.557,0.149,0.071,0.363,0.471,0.429,0.489,0.449,0.329,0.36744444444444446
tinyllama-1.1B-chat-v0.6,0.657,0.426,0.043,0.42,0.671,0.643,0.62,0.646,0.729,0.5394444444444444
tinyllama-1.1B-chat-v1.0,0.657,0.457,0.014,0.469,0.671,0.657,0.703,0.751,0.686,0.5627777777777777
mobilellama-1.4B-chat,0.686,0.28,0.629,0.391,0.529,0.543,0.5,0.406,0.429,0.48811111111111116
mobilellama-2.7B-chat,0.757,0.557,0.871,0.42,0.8,0.614,0.669,0.663,0.686,0.6707777777777779
mobillama-0.5B-chat,0.414,0.0,0.0,0.163,0.486,0.4,0.397,0.429,0.429,0.302
mobillama-1B-chat,0.643,0.057,0.143,0.36,0.529,0.543,0.48,0.506,0.543,0.4226666666666667
fox-1-1.6B-Instruct-v0.1,0.143,0.069,0.786,0.231,0.157,0.057,0.04,0.074,0.014,0.17455555555555555
dolly-v1-6b,0.629,,0.7,0.343,0.529,0.443,0.5,0.52,0.4,0.508
dolly-v2-3b,0.614,0.306,0.5,0.383,0.4,0.5,0.497,0.471,0.514,0.46499999999999997
dolly-v2-7b,0.729,0.426,0.457,0.449,0.543,0.6,0.611,0.531,0.629,0.5527777777777777
OLMo-7B-SFT-hf,0.214,0.24,0.686,0.354,0.529,0.386,0.209,0.194,0.329,0.34900000000000003
OLMo-7B-Instruct-hf,0.557,0.586,0.9,0.503,0.643,0.629,0.531,0.531,0.543,0.6025555555555556
